-- MySQL dump 10.13  Distrib 5.7.29, for Linux (x86_64)
--
-- Host: localhost    Database: alumnos
-- ------------------------------------------------------
-- Server version	5.7.29-0ubuntu0.18.04.1

/*!40101 SET @OLD_CHARACTER_SET_CLIENT=@@CHARACTER_SET_CLIENT */;
/*!40101 SET @OLD_CHARACTER_SET_RESULTS=@@CHARACTER_SET_RESULTS */;
/*!40101 SET @OLD_COLLATION_CONNECTION=@@COLLATION_CONNECTION */;
/*!40101 SET NAMES utf8 */;
/*!40103 SET @OLD_TIME_ZONE=@@TIME_ZONE */;
/*!40103 SET TIME_ZONE='+00:00' */;
/*!40014 SET @OLD_UNIQUE_CHECKS=@@UNIQUE_CHECKS, UNIQUE_CHECKS=0 */;
/*!40014 SET @OLD_FOREIGN_KEY_CHECKS=@@FOREIGN_KEY_CHECKS, FOREIGN_KEY_CHECKS=0 */;
/*!40101 SET @OLD_SQL_MODE=@@SQL_MODE, SQL_MODE='NO_AUTO_VALUE_ON_ZERO' */;
/*!40111 SET @OLD_SQL_NOTES=@@SQL_NOTES, SQL_NOTES=0 */;

--
-- Current Database: `alumnos`
--

CREATE DATABASE /*!32312 IF NOT EXISTS*/ `alumnos` /*!40100 DEFAULT CHARACTER SET utf8 */;

USE `alumnos`;

--
-- Table structure for table `curso`
--

DROP TABLE IF EXISTS `curso`;
/*!40101 SET @saved_cs_client     = @@character_set_client */;
/*!40101 SET character_set_client = utf8 */;
CREATE TABLE `curso` (
  `idCurso` int(11) NOT NULL AUTO_INCREMENT,
  `nombreCurso` varchar(100) NOT NULL,
  `fotoCurso` varchar(255) NOT NULL,
  `precioCurso` float NOT NULL,
  PRIMARY KEY (`idCurso`),
  UNIQUE KEY `curso_UN` (`nombreCurso`)
) ENGINE=InnoDB AUTO_INCREMENT=4 DEFAULT CHARSET=utf8;
/*!40101 SET character_set_client = @saved_cs_client */;

--
-- Dumping data for table `curso`
--

LOCK TABLES `curso` WRITE;
/*!40000 ALTER TABLE `curso` DISABLE KEYS */;
INSERT INTO `curso` VALUES (1,'JavaEE','default_curso.png',100),(2,'HTML5 y css3','default_curso.png',40),(3,'JavaScript','default_curso.png',50);
/*!40000 ALTER TABLE `curso` ENABLE KEYS */;
UNLOCK TABLES;

--
-- Table structure for table `noticia`
--

DROP TABLE IF EXISTS `noticia`;
/*!40101 SET @saved_cs_client     = @@character_set_client */;
/*!40101 SET character_set_client = utf8 */;
CREATE TABLE `noticia` (
  `idNoticia` int(11) NOT NULL AUTO_INCREMENT,
  `titularNoticia` varchar(100) NOT NULL,
  `fechaNoticia` varchar(15) DEFAULT NULL,
  `textoNoticia` mediumtext,
  PRIMARY KEY (`idNoticia`)
) ENGINE=InnoDB AUTO_INCREMENT=6 DEFAULT CHARSET=utf8;
/*!40101 SET character_set_client = @saved_cs_client */;

--
-- Dumping data for table `noticia`
--

LOCK TABLES `noticia` WRITE;
/*!40000 ALTER TABLE `noticia` DISABLE KEYS */;
INSERT INTO `noticia` VALUES (1,'Carlota ha conseguido una matricula de honor','10/05/2019','Lorem Ipsum is simply dummy text of the printing and typesetting industry. Lorem Ipsum has been the industry\'s standard dummy text ever since the 1500s, when an unknown printer took a galley of type and scrambled it to make a type specimen book. It has survived not only five centuries, but also the leap into electronic typesetting, remaining essentially unchanged.'),(2,'Carlos ha conseguido una matricula de honor','10/06/2020','Lorem Ipsum is simply dummy text of the printing and typesetting industry. Lorem Ipsum has been the industry\'s standard dummy text ever since the 1500s, when an unknown printer took a galley of type and scrambled it to make a type specimen book. It has survived not only five centuries, but also the leap into electronic typesetting, remaining essentially unchanged.'),(3,'Juan deja el centro','15/05/2018','Lorem Ipsum is simply dummy text of the printing and typesetting industry. Lorem Ipsum has been the industry\'s standard dummy text ever since the 1500s, when an unknown printer took a galley of type and scrambled it to make a type specimen book. It has survived not only five centuries, but also the leap into electronic typesetting, remaining essentially unchanged.'),(4,'Amy gana OT','10/01/2000','Lorem Ipsum is simply dummy text of the printing and typesetting industry. Lorem Ipsum has been the industry\'s standard dummy text ever since the 1500s, when an unknown printer took a galley of type and scrambled it to make a type specimen book. It has survived not only five centuries, but also the leap into electronic typesetting, remaining essentially unchanged.'),(5,'Amy gana OT otra vez','15/01/2002','Lorem Ipsum is simply dummy text of the printing and typesetting industry. Lorem Ipsum has been the industry\'s standard dummy text ever since the 1500s, when an unknown printer took a galley of type and scrambled it to make a type specimen book. It has survived not only five centuries, but also the leap into electronic typesetting, remaining essentially unchanged.');
/*!40000 ALTER TABLE `noticia` ENABLE KEYS */;
UNLOCK TABLES;

--
-- Table structure for table `persona`
--

DROP TABLE IF EXISTS `persona`;
/*!40101 SET @saved_cs_client     = @@character_set_client */;
/*!40101 SET character_set_client = utf8 */;
CREATE TABLE `persona` (
  `id` int(11) NOT NULL AUTO_INCREMENT,
  `nombre` varchar(50) NOT NULL,
  `avatar` varchar(250) NOT NULL DEFAULT 'avatar1.png',
  `sexo` varchar(1) NOT NULL DEFAULT 'h',
  PRIMARY KEY (`id`),
  UNIQUE KEY `persona_UN` (`nombre`)
) ENGINE=InnoDB AUTO_INCREMENT=5 DEFAULT CHARSET=utf8;
/*!40101 SET character_set_client = @saved_cs_client */;

--
-- Dumping data for table `persona`
--

LOCK TABLES `persona` WRITE;
/*!40000 ALTER TABLE `persona` DISABLE KEYS */;
INSERT INTO `persona` VALUES (1,'ande','avatar3.png','h'),(2,'mujer','avatar2.png','m'),(3,'vin diselo','avatar4.png','h'),(4,'Carlota','avatar1.png','m');
/*!40000 ALTER TABLE `persona` ENABLE KEYS */;
UNLOCK TABLES;

--
-- Table structure for table `persona_has_curso`
--

DROP TABLE IF EXISTS `persona_has_curso`;
/*!40101 SET @saved_cs_client     = @@character_set_client */;
/*!40101 SET character_set_client = utf8 */;
CREATE TABLE `persona_has_curso` (
  `id_persona` int(11) NOT NULL,
  `id_curso` int(11) NOT NULL,
  PRIMARY KEY (`id_persona`,`id_curso`),
  KEY `persona_has_curso_FK_1` (`id_curso`),
  CONSTRAINT `persona_has_curso_FK` FOREIGN KEY (`id_persona`) REFERENCES `persona` (`id`),
  CONSTRAINT `persona_has_curso_FK_1` FOREIGN KEY (`id_curso`) REFERENCES `curso` (`idCurso`)
) ENGINE=InnoDB DEFAULT CHARSET=utf8;
/*!40101 SET character_set_client = @saved_cs_client */;

--
-- Dumping data for table `persona_has_curso`
--

LOCK TABLES `persona_has_curso` WRITE;
/*!40000 ALTER TABLE `persona_has_curso` DISABLE KEYS */;
INSERT INTO `persona_has_curso` VALUES (2,1),(1,2),(2,2),(3,2),(4,2),(1,3),(2,3),(3,3),(4,3);
/*!40000 ALTER TABLE `persona_has_curso` ENABLE KEYS */;
UNLOCK TABLES;
/*!40103 SET TIME_ZONE=@OLD_TIME_ZONE */;

/*!40101 SET SQL_MODE=@OLD_SQL_MODE */;
/*!40014 SET FOREIGN_KEY_CHECKS=@OLD_FOREIGN_KEY_CHECKS */;
/*!40014 SET UNIQUE_CHECKS=@OLD_UNIQUE_CHECKS */;
/*!40101 SET CHARACTER_SET_CLIENT=@OLD_CHARACTER_SET_CLIENT */;
/*!40101 SET CHARACTER_SET_RESULTS=@OLD_CHARACTER_SET_RESULTS */;
/*!40101 SET COLLATION_CONNECTION=@OLD_COLLATION_CONNECTION */;
/*!40111 SET SQL_NOTES=@OLD_SQL_NOTES */;

-- Dump completed on 2020-04-23 19:17:47

/*Custom Sql(Geuk egina)*/

/*select 	p.id ,
		p.nombre,
		p.avatar ,
		p.sexo ,
		pc.id_persona ,
		pc.id_curso ,
		c.idCurso ,
		c.nombreCurso ,
		c.precioCurso ,
		c.precioCurso 
		from (persona p left join persona_has_curso pc on p.id = pc.id_persona)
				left join curso c on pc.id_curso = c.idCurso LIMIT 500;
*/